[{"model": "university.departament", "pk": 1, "fields": {"name": "Johnson-Mayo", "budget": 19.0, "start_date": "2019-11-12"}}, {"model": "university.departament", "pk": 2, "fields": {"name": "West, Smith and Garcia", "budget": 6.0, "start_date": "2019-11-12"}}, {"model": "university.departament", "pk": 3, "fields": {"name": "Garrett-Evans", "budget": 7.0, "start_date": "2019-11-12"}}, {"model": "university.course", "pk": 1, "fields": {"title": "6-7641U", "credits": 11, "instructor": 4, "students": [2, 3, 4, 5, 6, 7, 8, 9, 12, 13, 14, 15, 16, 19, 22, 23, 24, 26, 27, 28, 29, 30, 31, 32, 33, 34, 36, 37, 38, 39]}}, {"model": "university.course", "pk": 2, "fields": {"title": "182DEX", "credits": 5, "instructor": 8, "students": [2, 3, 5, 6, 7, 8, 9, 10, 11, 14, 15, 17, 18, 19, 20, 21, 25, 27, 29, 30, 31, 32, 33, 34, 35, 38, 39]}}, {"model": "university.course", "pk": 3, "fields": {"title": "05-0988Y", "credits": 3, "instructor": 8, "students": [1, 2, 4, 5, 6, 7, 8, 9, 12, 13, 14, 15, 16, 17, 19, 22, 23, 25, 27, 28, 29, 30, 31, 34, 35, 37, 39, 40]}}, {"model": "university.course", "pk": 4, "fields": {"title": "LMX 590", "credits": 9, "instructor": 5, "students": [1, 2, 3, 4, 7, 8, 9, 10, 11, 12, 16, 17, 18, 19, 25, 26, 27, 28, 29, 30, 31, 32, 35, 36, 37, 38, 39]}}, {"model": "university.course", "pk": 5, "fields": {"title": "GVE 395", "credits": 5, "instructor": 10, "students": [1, 3, 5, 7, 9, 13, 15, 16, 18, 19, 21, 24, 29, 33, 35, 36, 40]}}, {"model": "university.course", "pk": 6, "fields": {"title": "E16 4MP", "credits": 6, "instructor": 2, "students": [1, 4, 5, 6, 8, 13, 15, 17, 18, 19, 21, 22, 24, 26, 27, 28, 29, 31, 32, 33, 36, 37, 39]}}, {"model": "university.course", "pk": 7, "fields": {"title": "023E", "credits": 10, "instructor": 7, "students": [2, 7, 8, 12, 15, 18, 21, 23, 28, 34, 35, 38]}}, {"model": "university.course", "pk": 8, "fields": {"title": "42O 407", "credits": 5, "instructor": 8, "students": [2, 4, 11, 18, 20, 22, 23, 26, 30, 31, 32, 33, 36]}}, {"model": "university.course", "pk": 9, "fields": {"title": "H02 3XS", "credits": 10, "instructor": 1, "students": [3, 5, 6, 7, 10, 12, 14, 16, 19, 25, 27, 29, 31, 32, 33, 38, 39, 40]}}, {"model": "university.course", "pk": 10, "fields": {"title": "J88-UGO", "credits": 8, "instructor": 1, "students": [2, 3, 6, 15, 26, 29, 30, 31, 32, 34, 39]}}, {"model": "university.course", "pk": 11, "fields": {"title": "PG2 8878", "credits": 11, "instructor": 2, "students": [2, 4, 6, 10, 11, 15, 16, 17, 18, 19, 21, 25, 27, 28, 29, 31, 33, 35, 36, 37, 38, 40]}}, {"model": "university.course", "pk": 12, "fields": {"title": "5LT W09", "credits": 7, "instructor": 8, "students": [1, 3, 4, 5, 6, 8, 9, 10, 13, 15, 16, 18, 19, 20, 21, 22, 23, 25, 26, 27, 28, 30, 31, 33, 35, 36, 37, 38, 39]}}, {"model": "university.course", "pk": 13, "fields": {"title": "MLO 344", "credits": 2, "instructor": 3, "students": [1, 3, 5, 7, 9, 10, 11, 13, 14, 15, 17, 18, 19, 20, 21, 22, 23, 25, 27, 28, 30, 31, 33, 34, 35, 36, 37, 38]}}, {"model": "university.course", "pk": 14, "fields": {"title": "742 IKB", "credits": 5, "instructor": 7, "students": [1, 2, 3, 6, 7, 10, 11, 12, 13, 15, 16, 17, 19, 20, 21, 22, 24, 25, 27, 28, 29, 33, 35, 36, 37, 38, 39, 40]}}, {"model": "university.course", "pk": 15, "fields": {"title": "870 ZUS", "credits": 12, "instructor": 1, "students": [3, 6, 7, 9, 14, 15, 23, 26, 31, 32, 34, 36, 39, 40]}}, {"model": "university.office", "pk": 1, "fields": {"location": "seem-news-question"}}, {"model": "university.office", "pk": 2, "fields": {"location": "admit-number-rich"}}, {"model": "university.office", "pk": 3, "fields": {"location": "when-relate-skill"}}, {"model": "university.office", "pk": 4, "fields": {"location": "way-media-thing"}}, {"model": "university.office", "pk": 5, "fields": {"location": "peace-tree-draw"}}, {"model": "university.office", "pk": 6, "fields": {"location": "camera-rock-piece"}}, {"model": "university.office", "pk": 7, "fields": {"location": "whole-perhaps-chair"}}, {"model": "university.office", "pk": 8, "fields": {"location": "rule-job-system"}}, {"model": "university.office", "pk": 9, "fields": {"location": "treat-then-trade"}}, {"model": "university.office", "pk": 10, "fields": {"location": "vote-behavior"}}, {"model": "auth.user", "pk": 1, "fields": {"password": "pbkdf2_sha256$150000$wXkwULDJFUxB$yoIxSrjrFGk1SEU1Z4y5m2gur7+DDls3adG8obDceIA=", "last_login": null, "is_superuser": true, "username": "admin", "first_name": "", "last_name": "", "email": "", "is_staff": true, "is_active": true, "date_joined": "2019-11-12T01:12:45.193Z", "groups": [], "user_permissions": []}}, {"model": "auth.user", "pk": 2, "fields": {"password": "pbkdf2_sha256$150000$iQTaRALOFexi$LKKXcQhTj/fI0qNS+BSi/WwUc1smAFS5KV3N8goo04M=", "last_login": null, "is_superuser": false, "username": "hannah28", "first_name": "Connor", "last_name": "Phillips", "email": "fbrown@hotmail.com", "is_staff": true, "is_active": true, "date_joined": "2019-11-12T01:12:53.228Z", "groups": [], "user_permissions": []}}, {"model": "auth.user", "pk": 3, "fields": {"password": "pbkdf2_sha256$150000$3HmMSigK4g5e$xMZvRooQhdysLKwEIqZfRIBxGiuP0epLjFUFY7ia3fc=", "last_login": null, "is_superuser": false, "username": "michealburnett", "first_name": "John", "last_name": "Wright", "email": "jorge93@gmail.com", "is_staff": true, "is_active": true, "date_joined": "2019-11-12T01:12:53.753Z", "groups": [], "user_permissions": []}}, {"model": "auth.user", "pk": 4, "fields": {"password": "pbkdf2_sha256$150000$DK80TLmLnPs5$rh4UODmvH4TEPPMkJuNNrQ1PsUwo+uu0Uc1Gz6x2HcM=", "last_login": null, "is_superuser": false, "username": "jennamartin", "first_name": "William", "last_name": "Rodriguez", "email": "watsonkathy@hotmail.com", "is_staff": true, "is_active": true, "date_joined": "2019-11-12T01:12:54.217Z", "groups": [], "user_permissions": []}}, {"model": "auth.user", "pk": 5, "fields": {"password": "pbkdf2_sha256$150000$TSKZu8alMlLC$EFN1hK8yNrBmByKlGeveSu8FCva9lUKpkSxv3ALD+GA=", "last_login": null, "is_superuser": false, "username": "glenda74", "first_name": "Paul", "last_name": "Matthews", "email": "ccarr@gmail.com", "is_staff": true, "is_active": true, "date_joined": "2019-11-12T01:12:54.734Z", "groups": [], "user_permissions": []}}, {"model": "auth.user", "pk": 6, "fields": {"password": "pbkdf2_sha256$150000$lUAXEmYnlG7e$Ia/K58xWJFj+plbJKrXcLKFVaGJBiiTgbJyCeEZuy9s=", "last_login": null, "is_superuser": false, "username": "michael77", "first_name": "Sierra", "last_name": "Anderson", "email": "noah19@hotmail.com", "is_staff": true, "is_active": true, "date_joined": "2019-11-12T01:12:55.238Z", "groups": [], "user_permissions": []}}, {"model": "auth.user", "pk": 7, "fields": {"password": "pbkdf2_sha256$150000$ttLUYvlhaNbJ$rRe7LEGogtCGpdQ9QcUngJYbcCazJZwL7S2dsOX1mrc=", "last_login": null, "is_superuser": false, "username": "timothy07", "first_name": "Denise", "last_name": "Wagner", "email": "kwalls@yahoo.com", "is_staff": true, "is_active": true, "date_joined": "2019-11-12T01:12:55.691Z", "groups": [], "user_permissions": []}}, {"model": "auth.user", "pk": 8, "fields": {"password": "pbkdf2_sha256$150000$JWt5osFmbXp7$sUNjRqmcxFTvm9JP+igAdTzWQ/nCFSxrz13UzQBu4tk=", "last_login": null, "is_superuser": false, "username": "matthewsnathan", "first_name": "Tyler", "last_name": "Hughes", "email": "rball@gmail.com", "is_staff": true, "is_active": true, "date_joined": "2019-11-12T01:12:56.144Z", "groups": [], "user_permissions": []}}, {"model": "auth.user", "pk": 9, "fields": {"password": "pbkdf2_sha256$150000$OTdeu0MoTVfV$eRNxEEC2OJdvCva+BsZt/izAaXE4aMYlftnVY6XdI04=", "last_login": null, "is_superuser": false, "username": "wgreene", "first_name": "Karina", "last_name": "Kirk", "email": "jonathan92@gmail.com", "is_staff": true, "is_active": true, "date_joined": "2019-11-12T01:12:56.657Z", "groups": [], "user_permissions": []}}, {"model": "auth.user", "pk": 10, "fields": {"password": "pbkdf2_sha256$150000$UJSv9YWyicJu$9dEloUiWbg2gIlF7RQ3hMnr21d62slQyh5r5tpgI0hw=", "last_login": null, "is_superuser": false, "username": "ldixon", "first_name": "Amber", "last_name": "Hart", "email": "garciamary@yahoo.com", "is_staff": true, "is_active": true, "date_joined": "2019-11-12T01:12:57.146Z", "groups": [], "user_permissions": []}}, {"model": "auth.user", "pk": 11, "fields": {"password": "pbkdf2_sha256$150000$rZjOnfNzdt9f$J1FKHv7ZIM4Fkpsi78FjAuX1gozQs0jvYSZ/XsgyFbg=", "last_login": null, "is_superuser": false, "username": "caitlinmoyer", "first_name": "Anthony", "last_name": "Howard", "email": "wdavis@yahoo.com", "is_staff": true, "is_active": true, "date_joined": "2019-11-12T01:12:57.645Z", "groups": [], "user_permissions": []}}, {"model": "auth.user", "pk": 12, "fields": {"password": "pbkdf2_sha256$150000$aNE3Ce2W4wVa$7526po31LYh3ExDsLYQ6ydkqeqoclEktLvDbbhATyGc=", "last_login": null, "is_superuser": false, "username": "rosariokathryn", "first_name": "Bryan", "last_name": "Torres", "email": "cwheeler@hotmail.com", "is_staff": true, "is_active": true, "date_joined": "2019-11-12T01:12:58.146Z", "groups": [], "user_permissions": []}}, {"model": "auth.user", "pk": 13, "fields": {"password": "pbkdf2_sha256$150000$PWurUkNix4Um$DnzFhCqZzfftpOhlVk5a3h8tMFpyN8fV3MrcZsMXQgM=", "last_login": null, "is_superuser": false, "username": "katherine74", "first_name": "Larry", "last_name": "Gill", "email": "ahurst@hotmail.com", "is_staff": true, "is_active": true, "date_joined": "2019-11-12T01:12:58.655Z", "groups": [], "user_permissions": []}}, {"model": "auth.user", "pk": 14, "fields": {"password": "pbkdf2_sha256$150000$N0f7zeGKAfWP$OS+c7GuTk99Eomm9M1r5InpE26ZglerBeGdwHiYWS94=", "last_login": null, "is_superuser": false, "username": "sean69", "first_name": "Evan", "last_name": "Foster", "email": "amcneil@yahoo.com", "is_staff": true, "is_active": true, "date_joined": "2019-11-12T01:12:59.131Z", "groups": [], "user_permissions": []}}, {"model": "auth.user", "pk": 15, "fields": {"password": "pbkdf2_sha256$150000$0zZ6U5Yr57IL$yhdhSZEc8mEIUVHyb70MTibIj32/0IOgvxIKjdWXULE=", "last_login": null, "is_superuser": false, "username": "xhahn", "first_name": "Marcus", "last_name": "Griffin", "email": "shelby68@hotmail.com", "is_staff": true, "is_active": true, "date_joined": "2019-11-12T01:12:59.630Z", "groups": [], "user_permissions": []}}, {"model": "auth.user", "pk": 16, "fields": {"password": "pbkdf2_sha256$150000$axh1eDp25vaw$NBsdBW0QZ8f5viyXlBW1jBx6WshCaPqlLLdXcXEYJwA=", "last_login": null, "is_superuser": false, "username": "atodd", "first_name": "Connie", "last_name": "Mueller", "email": "frank37@hotmail.com", "is_staff": true, "is_active": true, "date_joined": "2019-11-12T01:13:00.129Z", "groups": [], "user_permissions": []}}, {"model": "auth.user", "pk": 17, "fields": {"password": "pbkdf2_sha256$150000$JBP3hviPQ8BM$iDksmapWiIE1e0T648BzzqUETRowG1KBuUaNWeB6vQ4=", "last_login": null, "is_superuser": false, "username": "fishertimothy", "first_name": "Matthew", "last_name": "Vega", "email": "emullins@gmail.com", "is_staff": true, "is_active": true, "date_joined": "2019-11-12T01:13:00.608Z", "groups": [], "user_permissions": []}}, {"model": "auth.user", "pk": 18, "fields": {"password": "pbkdf2_sha256$150000$w3LFDHCeFEnD$9OAjlCW/GPYkkDKXuXTc2/ia1mJpyAseZY1LV3ET1wo=", "last_login": null, "is_superuser": false, "username": "xandrade", "first_name": "Kristen", "last_name": "Crawford", "email": "bthomas@yahoo.com", "is_staff": true, "is_active": true, "date_joined": "2019-11-12T01:13:01.062Z", "groups": [], "user_permissions": []}}, {"model": "auth.user", "pk": 19, "fields": {"password": "pbkdf2_sha256$150000$drJ7pSzsFITY$CaGPUnU+J90bm5yi3YM2DaGYzlCsAJ2Ap9DpeqDUOQw=", "last_login": null, "is_superuser": false, "username": "vicki31", "first_name": "Jacqueline", "last_name": "Robinson", "email": "sean61@gmail.com", "is_staff": true, "is_active": true, "date_joined": "2019-11-12T01:13:01.519Z", "groups": [], "user_permissions": []}}, {"model": "auth.user", "pk": 20, "fields": {"password": "pbkdf2_sha256$150000$4YlFwijJgYf2$cU095BqSnxR3gFv5mfYptxCwi+TGHsg4pKkUqxxgeWU=", "last_login": null, "is_superuser": false, "username": "jwalker", "first_name": "Frank", "last_name": "Pope", "email": "smithsarah@yahoo.com", "is_staff": true, "is_active": true, "date_joined": "2019-11-12T01:13:02.075Z", "groups": [], "user_permissions": []}}, {"model": "auth.user", "pk": 21, "fields": {"password": "pbkdf2_sha256$150000$h57Jz2M4Hr2X$YNTG1QuzgIzSlytHisr/+M64RxyVE9V1mTiztOVSJmc=", "last_login": null, "is_superuser": false, "username": "keychristine", "first_name": "Elizabeth", "last_name": "Hancock", "email": "parkjulie@yahoo.com", "is_staff": true, "is_active": true, "date_joined": "2019-11-12T01:13:02.525Z", "groups": [], "user_permissions": []}}, {"model": "auth.user", "pk": 22, "fields": {"password": "pbkdf2_sha256$150000$PGoIZCJMOFSr$FwDq1DgNhyy531AY7rcEo1frLpzh6LSM+YRrEMJ5sd4=", "last_login": null, "is_superuser": false, "username": "borozco", "first_name": "Heather", "last_name": "Taylor", "email": "kennethhamilton@hotmail.com", "is_staff": true, "is_active": true, "date_joined": "2019-11-12T01:13:02.994Z", "groups": [], "user_permissions": []}}, {"model": "auth.user", "pk": 23, "fields": {"password": "pbkdf2_sha256$150000$Z041rCkvJjF0$zoK6OcmHramWI9QMd05aWyF3gdE6ivY32SSIzFT20ZM=", "last_login": null, "is_superuser": false, "username": "stephaniemitchell", "first_name": "Norman", "last_name": "Mathis", "email": "umoran@hotmail.com", "is_staff": true, "is_active": true, "date_joined": "2019-11-12T01:13:03.534Z", "groups": [], "user_permissions": []}}, {"model": "auth.user", "pk": 24, "fields": {"password": "pbkdf2_sha256$150000$V70OcLrMHQaN$NQ6w34atQx5Ua00/cMSF6B3+8LPjUSDfHUoMXIfkf5o=", "last_login": null, "is_superuser": false, "username": "dianatanner", "first_name": "Kenneth", "last_name": "Mendez", "email": "qharrison@gmail.com", "is_staff": true, "is_active": true, "date_joined": "2019-11-12T01:13:04.044Z", "groups": [], "user_permissions": []}}, {"model": "auth.user", "pk": 25, "fields": {"password": "pbkdf2_sha256$150000$GzuGfhkah5bZ$aKBsUqZOC5t5aRDGm+38aEJQXHrzF/rpml/NehlE8oI=", "last_login": null, "is_superuser": false, "username": "damon33", "first_name": "Mark", "last_name": "Schultz", "email": "xewing@hotmail.com", "is_staff": true, "is_active": true, "date_joined": "2019-11-12T01:13:04.505Z", "groups": [], "user_permissions": []}}, {"model": "auth.user", "pk": 26, "fields": {"password": "pbkdf2_sha256$150000$EsHKajcCxypS$pNwzV+qNr1YD0AG4kM/i9F+1X5ItHfzvPdg+DgGTILY=", "last_login": null, "is_superuser": false, "username": "sullivanjake", "first_name": "Tony", "last_name": "Zuniga", "email": "xramsey@yahoo.com", "is_staff": true, "is_active": true, "date_joined": "2019-11-12T01:13:05.013Z", "groups": [], "user_permissions": []}}, {"model": "auth.user", "pk": 27, "fields": {"password": "pbkdf2_sha256$150000$yf7UBzuCXNw5$3+jZIhMU5Cb0N8XupxJpVqXnFZ87aeNkQBolVmBFtxM=", "last_login": null, "is_superuser": false, "username": "qrichardson", "first_name": "Joshua", "last_name": "Ortega", "email": "graybarry@gmail.com", "is_staff": true, "is_active": true, "date_joined": "2019-11-12T01:13:05.480Z", "groups": [], "user_permissions": []}}, {"model": "auth.user", "pk": 28, "fields": {"password": "pbkdf2_sha256$150000$QyoDc4K4BawW$foAcCPY+Sh/I+gHcPrJoFGJ22Rxz+phsEmPSLL+SKvg=", "last_login": null, "is_superuser": false, "username": "gordonedward", "first_name": "Mary", "last_name": "Hayes", "email": "chapmanrachael@hotmail.com", "is_staff": true, "is_active": true, "date_joined": "2019-11-12T01:13:05.941Z", "groups": [], "user_permissions": []}}, {"model": "auth.user", "pk": 29, "fields": {"password": "pbkdf2_sha256$150000$Vpwv6Lsn8U5K$rKiYgIvWnuWLXuviIk8f0lC5r+Cy3x6R/Vl6F0kzmIA=", "last_login": null, "is_superuser": false, "username": "tpatton", "first_name": "Michael", "last_name": "Johnson", "email": "davidphillips@gmail.com", "is_staff": true, "is_active": true, "date_joined": "2019-11-12T01:13:06.404Z", "groups": [], "user_permissions": []}}, {"model": "auth.user", "pk": 30, "fields": {"password": "pbkdf2_sha256$150000$4xxykeiD3bRy$0x4iOGFCBCgRpyGULKBuOUlS1qt4/w8rJ5By0W0dJkg=", "last_login": null, "is_superuser": false, "username": "coffeyruben", "first_name": "Stephanie", "last_name": "Perry", "email": "akelley@gmail.com", "is_staff": true, "is_active": true, "date_joined": "2019-11-12T01:13:06.877Z", "groups": [], "user_permissions": []}}, {"model": "auth.user", "pk": 31, "fields": {"password": "pbkdf2_sha256$150000$8mYcImRkCp8m$f2sTtqXYhb46bZQKuBws7XWONci6zm/K4FqqjJ3DXDk=", "last_login": null, "is_superuser": false, "username": "ushelton", "first_name": "Jennifer", "last_name": "Patterson", "email": "dominique61@hotmail.com", "is_staff": true, "is_active": true, "date_joined": "2019-11-12T01:13:07.401Z", "groups": [], "user_permissions": []}}, {"model": "auth.user", "pk": 32, "fields": {"password": "pbkdf2_sha256$150000$Fgn2sgj8nn5X$R9IZ9rHe9mEwlc4A3VA7tePcc4WCXDdPJ4HoO3bDPew=", "last_login": null, "is_superuser": false, "username": "munozvanessa", "first_name": "Anthony", "last_name": "Campbell", "email": "jonathan92@yahoo.com", "is_staff": true, "is_active": true, "date_joined": "2019-11-12T01:13:07.920Z", "groups": [], "user_permissions": []}}, {"model": "auth.user", "pk": 33, "fields": {"password": "pbkdf2_sha256$150000$bKkiAvCQdXdo$7Ogn2m1Ln/2UiYz5XGUKwQfyRt5fRPUusTiA4igb1AM=", "last_login": null, "is_superuser": false, "username": "tanya26", "first_name": "Frank", "last_name": "Kelley", "email": "rodney23@yahoo.com", "is_staff": true, "is_active": true, "date_joined": "2019-11-12T01:13:08.563Z", "groups": [], "user_permissions": []}}, {"model": "auth.user", "pk": 34, "fields": {"password": "pbkdf2_sha256$150000$4akrv1F6ebKM$HVEa9IKsM0yZ7ERaVoiJxDDZ3lnUUizjPawD57g0WU4=", "last_login": null, "is_superuser": false, "username": "kevinarias", "first_name": "Christie", "last_name": "Williamson", "email": "christinameyers@yahoo.com", "is_staff": true, "is_active": true, "date_joined": "2019-11-12T01:13:09.088Z", "groups": [], "user_permissions": []}}, {"model": "auth.user", "pk": 35, "fields": {"password": "pbkdf2_sha256$150000$wsc5tjWlPPoN$TCy1LrSjnvc+S87IQm19OXYDQHMw+l2lHrhcY9F0VOg=", "last_login": null, "is_superuser": false, "username": "jasonnguyen", "first_name": "Ruben", "last_name": "Brooks", "email": "louismeyer@hotmail.com", "is_staff": true, "is_active": true, "date_joined": "2019-11-12T01:13:09.585Z", "groups": [], "user_permissions": []}}, {"model": "auth.user", "pk": 36, "fields": {"password": "pbkdf2_sha256$150000$j0tWFBVrT0IQ$REj2aaMF3N2d1PNXAgCXx/Za1U6/Psz58VBnQKYs5MA=", "last_login": null, "is_superuser": false, "username": "mcruz", "first_name": "Kristin", "last_name": "Hooper", "email": "wgraham@gmail.com", "is_staff": true, "is_active": true, "date_joined": "2019-11-12T01:13:10.065Z", "groups": [], "user_permissions": []}}, {"model": "auth.user", "pk": 37, "fields": {"password": "pbkdf2_sha256$150000$262bhTCW5uWh$1kWUnH6DmbZD6S1Zx4jmXT9PqDrI7NdkKqmExPSmI44=", "last_login": null, "is_superuser": false, "username": "aguilarjames", "first_name": "Lynn", "last_name": "Diaz", "email": "vrobertson@gmail.com", "is_staff": true, "is_active": true, "date_joined": "2019-11-12T01:13:10.560Z", "groups": [], "user_permissions": []}}, {"model": "auth.user", "pk": 38, "fields": {"password": "pbkdf2_sha256$150000$TlxjKWI4IpyZ$m3i4sxtF1ILbtjvVs3297Lp49HFZy6SFVc/cR3mu6DU=", "last_login": null, "is_superuser": false, "username": "davidpage", "first_name": "Keith", "last_name": "Wong", "email": "jasonburnett@hotmail.com", "is_staff": true, "is_active": true, "date_joined": "2019-11-12T01:13:11.034Z", "groups": [], "user_permissions": []}}, {"model": "auth.user", "pk": 39, "fields": {"password": "pbkdf2_sha256$150000$BtzamQ0YlB64$6oAObuKLD+2/n5OoEkZsNsxJ03XS0QO9reHaSExKiXA=", "last_login": null, "is_superuser": false, "username": "frycharles", "first_name": "Rachel", "last_name": "Smith", "email": "rasmussenerin@yahoo.com", "is_staff": true, "is_active": true, "date_joined": "2019-11-12T01:13:11.548Z", "groups": [], "user_permissions": []}}, {"model": "auth.user", "pk": 40, "fields": {"password": "pbkdf2_sha256$150000$8WiGJItn6nYG$SHVSATv8ew3pymk6jNU83nVLKBn0250dx/tuYWTWYXw=", "last_login": null, "is_superuser": false, "username": "jessicabrown", "first_name": "Michael", "last_name": "Perry", "email": "gclark@gmail.com", "is_staff": true, "is_active": true, "date_joined": "2019-11-12T01:13:12.147Z", "groups": [], "user_permissions": []}}, {"model": "auth.user", "pk": 41, "fields": {"password": "pbkdf2_sha256$150000$jva00rE6DacQ$SSqUYj+79qnmQSFlaHwTEhXc0vNUmipW9+BxNGSbsFo=", "last_login": null, "is_superuser": false, "username": "kellystephanie", "first_name": "Janice", "last_name": "Krause", "email": "williamscharles@gmail.com", "is_staff": true, "is_active": true, "date_joined": "2019-11-12T01:13:12.627Z", "groups": [], "user_permissions": []}}, {"model": "auth.user", "pk": 42, "fields": {"password": "pbkdf2_sha256$150000$s3S6RPzmjb3o$w8KGbEIck7+lETkH4vV8nHAiwB/lpaika3DQQRLU/eo=", "last_login": null, "is_superuser": false, "username": "gkim", "first_name": "Cynthia", "last_name": "Snyder", "email": "otaylor@hotmail.com", "is_staff": true, "is_active": true, "date_joined": "2019-11-12T01:13:13.097Z", "groups": [], "user_permissions": []}}, {"model": "auth.user", "pk": 43, "fields": {"password": "pbkdf2_sha256$150000$RSWMErZpDOi2$w6GWYcMA3/4JrDKkGap5qFWz6sJAcJfePfsCkBaHwyI=", "last_login": null, "is_superuser": false, "username": "michael10", "first_name": "Chelsea", "last_name": "Bonilla", "email": "paulkathleen@hotmail.com", "is_staff": true, "is_active": true, "date_joined": "2019-11-12T01:13:13.997Z", "groups": [], "user_permissions": []}}, {"model": "auth.user", "pk": 44, "fields": {"password": "pbkdf2_sha256$150000$efu1OFklPxLT$ltLcBw3XiEIWMzPJZpwkqxhv71bRj0yac4JqV7ZRTHE=", "last_login": null, "is_superuser": false, "username": "davisbrittany", "first_name": "Eric", "last_name": "Wilson", "email": "denise70@yahoo.com", "is_staff": true, "is_active": true, "date_joined": "2019-11-12T01:13:14.595Z", "groups": [], "user_permissions": []}}, {"model": "auth.user", "pk": 45, "fields": {"password": "pbkdf2_sha256$150000$GU2PK4KRqFMC$vN0rCqz/IrFnziT1FxOZT0E4xai/x13ciBD4zFes3+M=", "last_login": null, "is_superuser": false, "username": "anthonymullen", "first_name": "Veronica", "last_name": "Howell", "email": "michael80@gmail.com", "is_staff": true, "is_active": true, "date_joined": "2019-11-12T01:13:15.252Z", "groups": [], "user_permissions": []}}, {"model": "auth.user", "pk": 46, "fields": {"password": "pbkdf2_sha256$150000$q2xWbu9eb3Ym$sSkcxQdTx7N2NsqwMshrkA5Vq18pHY89ZVs73bs+i2w=", "last_login": null, "is_superuser": false, "username": "jennifer53", "first_name": "Ian", "last_name": "Morrison", "email": "daniel27@yahoo.com", "is_staff": true, "is_active": true, "date_joined": "2019-11-12T01:13:15.885Z", "groups": [], "user_permissions": []}}, {"model": "auth.user", "pk": 47, "fields": {"password": "pbkdf2_sha256$150000$rDzZ5qIfeTm9$8pGIOqWmSwfBpeZNmCq1NGGyZOeNJvR0zkCk1MPdruA=", "last_login": null, "is_superuser": false, "username": "angela10", "first_name": "Joe", "last_name": "Paul", "email": "ytaylor@yahoo.com", "is_staff": true, "is_active": true, "date_joined": "2019-11-12T01:13:16.451Z", "groups": [], "user_permissions": []}}, {"model": "auth.user", "pk": 48, "fields": {"password": "pbkdf2_sha256$150000$0o32hYk6Exe6$FdSfBNepkD+DaKjZyNaYiFE2G8wubscxFVZviybqoHY=", "last_login": null, "is_superuser": false, "username": "kingbarbara", "first_name": "Cynthia", "last_name": "Wilson", "email": "aguirrelori@yahoo.com", "is_staff": true, "is_active": true, "date_joined": "2019-11-12T01:13:17.071Z", "groups": [], "user_permissions": []}}, {"model": "auth.user", "pk": 49, "fields": {"password": "pbkdf2_sha256$150000$Qz12PUqS97Sb$0xZzbcJe6Y69FXp7wy7l0TanotnKiNCbHi8tO/1BMWU=", "last_login": null, "is_superuser": false, "username": "mayosteven", "first_name": "Robert", "last_name": "Miller", "email": "rebekahcoffey@hotmail.com", "is_staff": true, "is_active": true, "date_joined": "2019-11-12T01:13:17.723Z", "groups": [], "user_permissions": []}}, {"model": "auth.user", "pk": 50, "fields": {"password": "pbkdf2_sha256$150000$vrgP0vdVM88h$ry85VfUuA9/uenzlIJdCN81iZgG7Tbr7bZ1TTUd0N7Y=", "last_login": null, "is_superuser": false, "username": "brittanyperkins", "first_name": "Karen", "last_name": "Butler", "email": "coltonharris@hotmail.com", "is_staff": true, "is_active": true, "date_joined": "2019-11-12T01:13:18.304Z", "groups": [], "user_permissions": []}}, {"model": "auth.user", "pk": 51, "fields": {"password": "pbkdf2_sha256$150000$9XOW5yP7DUOe$ojhVBiGUgkxwHygVRcpd3cVMVXMnqegfpus5Q8Ze7p8=", "last_login": null, "is_superuser": false, "username": "austinhampton", "first_name": "Bradley", "last_name": "Simmons", "email": "hhill@hotmail.com", "is_staff": true, "is_active": true, "date_joined": "2019-11-12T01:13:19.066Z", "groups": [], "user_permissions": []}}, {"model": "university.instructor", "pk": 1, "fields": {"user": 42, "hire_date": "2019-11-12", "office": 1, "departament": 1}}, {"model": "university.instructor", "pk": 2, "fields": {"user": 43, "hire_date": "2019-11-12", "office": 2, "departament": 2}}, {"model": "university.instructor", "pk": 3, "fields": {"user": 44, "hire_date": "2019-11-12", "office": 3, "departament": 3}}, {"model": "university.instructor", "pk": 4, "fields": {"user": 45, "hire_date": "2019-11-12", "office": 4, "departament": 3}}, {"model": "university.instructor", "pk": 5, "fields": {"user": 46, "hire_date": "2019-11-12", "office": 5, "departament": 1}}, {"model": "university.instructor", "pk": 6, "fields": {"user": 47, "hire_date": "2019-11-12", "office": 6, "departament": 1}}, {"model": "university.instructor", "pk": 7, "fields": {"user": 48, "hire_date": "2019-11-12", "office": 7, "departament": 2}}, {"model": "university.instructor", "pk": 8, "fields": {"user": 49, "hire_date": "2019-11-12", "office": 8, "departament": 3}}, {"model": "university.instructor", "pk": 9, "fields": {"user": 50, "hire_date": "2019-11-12", "office": 9, "departament": 2}}, {"model": "university.instructor", "pk": 10, "fields": {"user": 51, "hire_date": "2019-11-12", "office": 10, "departament": 1}}, {"model": "university.student", "pk": 1, "fields": {"user": 2, "enrollment_date": "2019-11-12", "photo": "students/Craig_Edwards.png"}}, {"model": "university.student", "pk": 2, "fields": {"user": 3, "enrollment_date": "2019-11-12", "photo": "students/Bryan_Jones.png"}}, {"model": "university.student", "pk": 3, "fields": {"user": 4, "enrollment_date": "2019-11-12", "photo": "students/Emily_Charles.png"}}, {"model": "university.student", "pk": 4, "fields": {"user": 5, "enrollment_date": "2019-11-12", "photo": "students/Elizabeth_Branch.png"}}, {"model": "university.student", "pk": 5, "fields": {"user": 6, "enrollment_date": "2019-11-12", "photo": "students/Richard_Ray.png"}}, {"model": "university.student", "pk": 6, "fields": {"user": 7, "enrollment_date": "2019-11-12", "photo": "students/William_Sullivan.png"}}, {"model": "university.student", "pk": 7, "fields": {"user": 8, "enrollment_date": "2019-11-12", "photo": "students/Alec_Gallegos.png"}}, {"model": "university.student", "pk": 8, "fields": {"user": 9, "enrollment_date": "2019-11-12", "photo": "students/Brianna_Klein.png"}}, {"model": "university.student", "pk": 9, "fields": {"user": 10, "enrollment_date": "2019-11-12", "photo": "students/Sonya_Lowe.png"}}, {"model": "university.student", "pk": 10, "fields": {"user": 11, "enrollment_date": "2019-11-12", "photo": "students/Mark_Santiago.png"}}, {"model": "university.student", "pk": 11, "fields": {"user": 12, "enrollment_date": "2019-11-12", "photo": "students/John_Washington.png"}}, {"model": "university.student", "pk": 12, "fields": {"user": 13, "enrollment_date": "2019-11-12", "photo": "students/Michele_Morgan.png"}}, {"model": "university.student", "pk": 13, "fields": {"user": 14, "enrollment_date": "2019-11-12", "photo": "students/Sharon_Griffin.png"}}, {"model": "university.student", "pk": 14, "fields": {"user": 15, "enrollment_date": "2019-11-12", "photo": "students/Angela_Mcdaniel.png"}}, {"model": "university.student", "pk": 15, "fields": {"user": 16, "enrollment_date": "2019-11-12", "photo": "students/Bryan_Hayden.png"}}, {"model": "university.student", "pk": 16, "fields": {"user": 17, "enrollment_date": "2019-11-12", "photo": "students/Susan_Watkins.png"}}, {"model": "university.student", "pk": 17, "fields": {"user": 18, "enrollment_date": "2019-11-12", "photo": "students/Susan_Armstrong.png"}}, {"model": "university.student", "pk": 18, "fields": {"user": 19, "enrollment_date": "2019-11-12", "photo": "students/Maureen_Gomez.png"}}, {"model": "university.student", "pk": 19, "fields": {"user": 20, "enrollment_date": "2019-11-12", "photo": "students/Aaron_Stone.png"}}, {"model": "university.student", "pk": 20, "fields": {"user": 21, "enrollment_date": "2019-11-12", "photo": "students/James_Murray.png"}}, {"model": "university.student", "pk": 21, "fields": {"user": 22, "enrollment_date": "2019-11-12", "photo": "students/Carrie_Ray.png"}}, {"model": "university.student", "pk": 22, "fields": {"user": 23, "enrollment_date": "2019-11-12", "photo": "students/Kayla_Aguilar.png"}}, {"model": "university.student", "pk": 23, "fields": {"user": 24, "enrollment_date": "2019-11-12", "photo": "students/James_Macias.png"}}, {"model": "university.student", "pk": 24, "fields": {"user": 25, "enrollment_date": "2019-11-12", "photo": "students/Sharon_Davis.png"}}, {"model": "university.student", "pk": 25, "fields": {"user": 26, "enrollment_date": "2019-11-12", "photo": "students/Katherine_Aguilar.png"}}, {"model": "university.student", "pk": 26, "fields": {"user": 27, "enrollment_date": "2019-11-12", "photo": "students/Robert_Adkins.png"}}, {"model": "university.student", "pk": 27, "fields": {"user": 28, "enrollment_date": "2019-11-12", "photo": "students/Jack_Sims.png"}}, {"model": "university.student", "pk": 28, "fields": {"user": 29, "enrollment_date": "2019-11-12", "photo": "students/Vincent_Mullins.png"}}, {"model": "university.student", "pk": 29, "fields": {"user": 30, "enrollment_date": "2019-11-12", "photo": "students/Amber_Johnson.png"}}, {"model": "university.student", "pk": 30, "fields": {"user": 31, "enrollment_date": "2019-11-12", "photo": "students/Carol_Willis.png"}}, {"model": "university.student", "pk": 31, "fields": {"user": 32, "enrollment_date": "2019-11-12", "photo": "students/Kristin_Garcia.png"}}, {"model": "university.student", "pk": 32, "fields": {"user": 33, "enrollment_date": "2019-11-12", "photo": "students/Gary_Baker.png"}}, {"model": "university.student", "pk": 33, "fields": {"user": 34, "enrollment_date": "2019-11-12", "photo": "students/Kevin_Beasley.png"}}, {"model": "university.student", "pk": 34, "fields": {"user": 35, "enrollment_date": "2019-11-12", "photo": "students/Jeffrey_Nichols.png"}}, {"model": "university.student", "pk": 35, "fields": {"user": 36, "enrollment_date": "2019-11-12", "photo": "students/Alexandra_Chapman.png"}}, {"model": "university.student", "pk": 36, "fields": {"user": 37, "enrollment_date": "2019-11-12", "photo": "students/Kimberly_Schwartz.png"}}, {"model": "university.student", "pk": 37, "fields": {"user": 38, "enrollment_date": "2019-11-12", "photo": "students/Clifford_Harris.png"}}, {"model": "university.student", "pk": 38, "fields": {"user": 39, "enrollment_date": "2019-11-12", "photo": "students/Erika_Browning.png"}}, {"model": "university.student", "pk": 39, "fields": {"user": 40, "enrollment_date": "2019-11-12", "photo": "students/Kelsey_Mcdonald.png"}}, {"model": "university.student", "pk": 40, "fields": {"user": 41, "enrollment_date": "2019-11-12", "photo": "students/Carrie_Moody.png"}}]